[
    {
        "category": "Fruits",
        "price": "$1",
        "stocked": true,
        "name": "Apple"
    },
    {
        "category": "Vegetables",
        "price": "$1",
        "stocked": true,
        "name": "Peas"
    },
    {
        "category": "Fruits",
        "price": "$1",
        "stocked": false,
        "name": "Dragonfruit"
    },
    {
        "category": "Fruits",
        "price": "$2",
        "stocked": false,
        "name": "Passionfruit"
    },
    {
        "category": "Vegetables",
        "price": "$2",
        "stocked": true,
        "name": "Spinach"
    },
    {
        "category": "Vegetables",
        "price": "$4",
        "stocked": true,
        "name": "Pumpkin"
    }
]